<atlas>
	<tex n="spritesheet0">
		<img n="Graphics/Tiles/tiles_spritesheet" x="0" y="0" w="914" h="936" />
		<img n="Graphics/preview" x="915" y="0" w="698" h="675" />
		<img n="Graphics/sample" x="1614" y="0" w="770" h="560" />
		<img n="Graphics/Items/items_spritesheet" x="2385" y="0" w="576" h="576" />
		<img n="Graphics/Player/p3_spritesheet" x="1614" y="561" w="508" h="288" />
		<img n="Graphics/Player/p1_spritesheet" x="915" y="676" w="508" h="288" />
		<img n="Graphics/Player/p2_spritesheet" x="0" y="937" w="494" h="282" />
		<img n="Graphics/Player/p2_walk/p2_walk" x="2123" y="561" w="256" h="512" />
		<img n="Graphics/Player/p3_walk/p3_walk" x="495" y="937" w="256" h="512" />
		<img n="Graphics/Player/p1_walk/p1_walk" x="0" y="1220" w="256" h="512" />
		<img n="Graphics/HUD/hud_spritesheet" x="1424" y="850" w="269" h="269" />
		<img n="Graphics/bg" x="1694" y="850" w="256" h="256" />
		<img n="Graphics/bg_castle" x="752" y="965" w="256" h="256" />
		<img n="Graphics/Enemies/enemies_spritesheet" x="1009" y="965" w="353" h="153" />
		<img n="Mario-1" x="1951" y="850" w="128" h="128" />
		<img n="Graphics/Items/cloud3" x="1951" y="979" w="129" h="71" />
		<img n="Graphics/Items/cloud2" x="1951" y="1051" w="129" h="71" />
		<img n="Graphics/Items/cloud1" x="1424" y="676" w="128" h="71" />
		<img n="Graphics/Tiles/hill_large" x="1553" y="676" w="48" h="146" />
		<img n="Graphics/Enemies/pokerMad" x="1363" y="965" w="48" h="146" />
		<img n="Graphics/Enemies/pokerSad" x="1363" y="1112" w="48" h="146" />
		<img n="Graphics/Tiles/hill_largeAlt" x="257" y="1220" w="48" h="146" />
		<img n="Graphics/Player/p3_walk/PNG/p3_walk10" x="1424" y="748" w="72" h="97" />
		<img n="Graphics/Player/p1_walk/PNG/p1_walk07" x="306" y="1220" w="72" h="97" />
		<img n="Graphics/Player/p1_walk/PNG/p1_walk05" x="379" y="1220" w="72" h="97" />
		<img n="Graphics/Player/p3_walk/PNG/p3_walk11" x="306" y="1318" w="72" h="97" />
		<img n="Graphics/Player/p3_walk/PNG/p3_walk03" x="379" y="1318" w="72" h="97" />
		<img n="Graphics/Player/p3_walk/PNG/p3_walk09" x="257" y="1416" w="72" h="97" />
		<img n="Graphics/Player/p3_walk/PNG/p3_walk08" x="330" y="1416" w="72" h="97" />
		<img n="Graphics/Player/p3_walk/PNG/p3_walk07" x="403" y="1416" w="72" h="97" />
		<img n="Graphics/Player/p3_walk/PNG/p3_walk06" x="1694" y="1107" w="72" h="97" />
		<img n="Graphics/Player/p3_walk/PNG/p3_walk05" x="1767" y="1107" w="72" h="97" />
		<img n="Graphics/Player/p3_walk/PNG/p3_walk04" x="1840" y="1107" w="72" h="97" />
		<img n="Graphics/Player/p1_walk/PNG/p1_walk04" x="1412" y="1120" w="72" h="97" />
		<img n="Graphics/Player/p3_walk/PNG/p3_walk02" x="1485" y="1120" w="72" h="97" />
		<img n="Graphics/Player/p3_walk/PNG/p3_walk01" x="1558" y="1120" w="72" h="97" />
		<img n="Graphics/Player/p1_walk/PNG/p1_walk03" x="1009" y="1119" w="72" h="97" />
		<img n="Graphics/Player/p1_walk/PNG/p1_walk02" x="1082" y="1119" w="72" h="97" />
		<img n="Graphics/Player/p1_walk/PNG/p1_walk06" x="1155" y="1119" w="72" h="97" />
		<img n="Graphics/Player/p1_walk/PNG/p1_walk11" x="1228" y="1119" w="72" h="97" />
		<img n="Graphics/Player/p1_walk/PNG/p1_walk01" x="1009" y="1217" w="72" h="97" />
		<img n="Graphics/Player/p1_walk/PNG/p1_walk10" x="752" y="1222" w="72" h="97" />
		<img n="Graphics/Player/p1_walk/PNG/p1_walk09" x="825" y="1222" w="72" h="97" />
		<img n="Graphics/Player/p1_walk/PNG/p1_walk08" x="898" y="1222" w="72" h="97" />
		<img n="Graphics/Player/p2_walk/PNG/p2_walk01" x="1082" y="1217" w="70" h="94" />
		<img n="Graphics/Player/p2_walk/PNG/p2_walk03" x="1153" y="1217" w="70" h="94" />
		<img n="Graphics/Player/p2_walk/PNG/p2_walk06" x="1224" y="1217" w="70" h="94" />
		<img n="Graphics/Player/p2_walk/PNG/p2_walk07" x="2962" y="0" w="70" h="94" />
		<img n="Graphics/Player/p2_walk/PNG/p2_walk08" x="3033" y="0" w="70" h="94" />
		<img n="Graphics/Player/p2_walk/PNG/p2_walk02" x="3104" y="0" w="70" h="94" />
		<img n="Graphics/Player/p2_walk/PNG/p2_walk11" x="3175" y="0" w="70" h="94" />
		<img n="Graphics/Player/p2_walk/PNG/p2_walk05" x="3246" y="0" w="70" h="94" />
		<img n="Graphics/Player/p2_walk/PNG/p2_walk09" x="3317" y="0" w="70" h="94" />
		<img n="Graphics/Player/p2_walk/PNG/p2_walk04" x="3388" y="0" w="70" h="94" />
		<img n="Graphics/Player/p2_walk/PNG/p2_walk10" x="3459" y="0" w="70" h="94" />
		<img n="Graphics/Player/p1_hurt" x="3530" y="0" w="69" h="92" />
		<img n="Graphics/Player/p3_hurt" x="3600" y="0" w="69" h="92" />
		<img n="Graphics/Player/p3_jump" x="1295" y="1217" w="67" h="94" />
		<img n="Graphics/Player/p1_jump" x="3670" y="0" w="67" h="94" />
		<img n="Graphics/Player/p2_jump" x="3530" y="93" w="66" h="94" />
		<img n="Graphics/Player/p2_hurt" x="3597" y="93" w="67" h="92" />
		<img n="Graphics/Player/p3_stand" x="3738" y="0" w="66" h="92" />
		<img n="Graphics/Player/p3_front" x="3805" y="0" w="66" h="92" />
		<img n="Graphics/Player/p2_front" x="3872" y="0" w="66" h="92" />
		<img n="Graphics/Player/p1_front" x="3939" y="0" w="66" h="92" />
		<img n="Graphics/Player/p2_stand" x="4006" y="0" w="66" h="92" />
		<img n="Graphics/Player/p1_stand" x="3738" y="93" w="66" h="92" />
		<img n="Graphics/Tiles/hill_smallAlt" x="1631" y="1120" w="48" h="106" />
		<img n="Graphics/Tiles/hill_small" x="3665" y="95" w="48" h="106" />
		<img n="Graphics/Tiles/tochLit" x="1412" y="1218" w="70" h="70" />
		<img n="Graphics/Tiles/stoneWall" x="1483" y="1218" w="70" h="70" />
		<img n="Graphics/Tiles/stoneRight" x="1554" y="1218" w="70" h="70" />
		<img n="Graphics/Tiles/stoneMid" x="3805" y="93" w="70" h="70" />
		<img n="Graphics/Tiles/stoneLeft" x="3876" y="93" w="70" h="70" />
		<img n="Graphics/Tiles/boxItem" x="3947" y="93" w="70" h="70" />
		<img n="Graphics/Tiles/boxItemAlt" x="4018" y="93" w="70" h="70" />
		<img n="Graphics/Tiles/stoneHillRight2" x="3805" y="164" w="70" h="70" />
		<img n="Graphics/Tiles/stoneHillLeft2" x="3714" y="186" w="70" h="70" />
		<img n="Graphics/Tiles/stoneHalfRight" x="3876" y="164" w="70" h="70" />
		<img n="Graphics/Tiles/stoneHalfMid" x="3947" y="164" w="70" h="70" />
		<img n="Graphics/Tiles/stoneHalfLeft" x="4018" y="164" w="70" h="70" />
		<img n="Graphics/Tiles/stoneHalf" x="3785" y="235" w="70" h="70" />
		<img n="Graphics/Tiles/stoneCliffRightAlt" x="3856" y="235" w="70" h="70" />
		<img n="Graphics/Tiles/stoneCliffRight" x="3927" y="235" w="70" h="70" />
		<img n="Graphics/Tiles/stoneCliffLeftAlt" x="3998" y="235" w="70" h="70" />
		<img n="Graphics/Tiles/stoneCliffLeft" x="2962" y="95" w="70" h="70" />
		<img n="Graphics/Tiles/stoneCenter_rounded" x="3033" y="95" w="70" h="70" />
		<img n="Graphics/Tiles/stoneCenter" x="3104" y="95" w="70" h="70" />
		<img n="Graphics/Tiles/stone" x="3175" y="95" w="70" h="70" />
		<img n="Graphics/Tiles/snowRight" x="3246" y="95" w="70" h="70" />
		<img n="Graphics/Tiles/snowMid" x="3317" y="95" w="70" h="70" />
		<img n="Graphics/Tiles/snowLeft" x="3388" y="95" w="70" h="70" />
		<img n="Graphics/Tiles/boxItemAlt_disabled" x="3459" y="95" w="70" h="70" />
		<img n="Graphics/Tiles/boxItem_disabled" x="2962" y="166" w="70" h="70" />
		<img n="Graphics/Tiles/snowHillRight2" x="3033" y="166" w="70" h="70" />
		<img n="Graphics/Tiles/snowHillRight" x="3104" y="166" w="70" h="70" />
		<img n="Graphics/Tiles/snowHillLeft2" x="3175" y="166" w="70" h="70" />
		<img n="Graphics/Tiles/snowHillLeft" x="3246" y="166" w="70" h="70" />
		<img n="Graphics/Tiles/snowHalfRight" x="3317" y="166" w="70" h="70" />
		<img n="Graphics/Tiles/snowHalfMid" x="3388" y="166" w="70" h="70" />
		<img n="Graphics/Tiles/snowHalfLeft" x="3459" y="166" w="70" h="70" />
		<img n="Graphics/Tiles/snowHalf" x="3530" y="188" w="70" h="70" />
		<img n="Graphics/Tiles/snowCliffRightAlt" x="3601" y="202" w="70" h="70" />
		<img n="Graphics/Tiles/snowCliffRight" x="3672" y="257" w="70" h="70" />
		<img n="Graphics/Tiles/snowCliffLeftAlt" x="3743" y="306" w="70" h="70" />
		<img n="Graphics/Tiles/snowCliffLeft" x="3814" y="306" w="70" h="70" />
		<img n="Graphics/Tiles/castleCliffRight" x="3885" y="306" w="70" h="70" />
		<img n="Graphics/Tiles/snowCenter" x="3956" y="306" w="70" h="70" />
		<img n="Graphics/Tiles/snow" x="2962" y="237" w="70" h="70" />
		<img n="Graphics/Tiles/signRight" x="3033" y="237" w="70" h="70" />
		<img n="Graphics/Tiles/signLeft" x="3104" y="237" w="70" h="70" />
		<img n="Graphics/Tiles/signExit" x="3175" y="237" w="70" h="70" />
		<img n="Graphics/Tiles/sign" x="3246" y="237" w="70" h="70" />
		<img n="Graphics/Tiles/sandRight" x="3317" y="237" w="70" h="70" />
		<img n="Graphics/Tiles/sandMid" x="3388" y="237" w="70" h="70" />
		<img n="Graphics/Tiles/sandLeft" x="3459" y="237" w="70" h="70" />
		<img n="Graphics/Tiles/boxWarning" x="3530" y="259" w="70" h="70" />
		<img n="Graphics/Tiles/brickWall" x="3601" y="273" w="70" h="70" />
		<img n="Graphics/Tiles/sandHillRight2" x="3672" y="328" w="70" h="70" />
		<img n="Graphics/Tiles/sandHillRight" x="3743" y="377" w="70" h="70" />
		<img n="Graphics/Tiles/sandHillLeft2" x="3814" y="377" w="70" h="70" />
		<img n="Graphics/Tiles/sandHillLeft" x="3885" y="377" w="70" h="70" />
		<img n="Graphics/Tiles/sandHalfRight" x="3956" y="377" w="70" h="70" />
		<img n="Graphics/Tiles/sandHalfMid" x="2962" y="308" w="70" h="70" />
		<img n="Graphics/Tiles/sandHalfLeft" x="3033" y="308" w="70" h="70" />
		<img n="Graphics/Tiles/sandHalf" x="3104" y="308" w="70" h="70" />
		<img n="Graphics/Tiles/sandCliffRightAlt" x="3175" y="308" w="70" h="70" />
		<img n="Graphics/Tiles/sandCliffRight" x="3246" y="308" w="70" h="70" />
		<img n="Graphics/Tiles/sandCliffLeftAlt" x="3317" y="308" w="70" h="70" />
		<img n="Graphics/Tiles/sandCliffLeft" x="3388" y="308" w="70" h="70" />
		<img n="Graphics/Tiles/sandCenter_rounded" x="3459" y="308" w="70" h="70" />
		<img n="Graphics/Tiles/sandCenter" x="3530" y="330" w="70" h="70" />
		<img n="Graphics/Tiles/sand" x="3601" y="344" w="70" h="70" />
		<img n="Graphics/Tiles/ropeVertical" x="3672" y="399" w="70" h="70" />
		<img n="Graphics/Tiles/ropeHorizontal" x="3743" y="448" w="70" h="70" />
		<img n="Graphics/Tiles/ropeAttached" x="3814" y="448" w="70" h="70" />
		<img n="Graphics/Tiles/rockHillRight" x="3885" y="448" w="70" h="70" />
		<img n="Graphics/Tiles/rockHillLeft" x="3956" y="448" w="70" h="70" />
		<img n="Graphics/Tiles/lock_yellow" x="2962" y="379" w="70" h="70" />
		<img n="Graphics/Tiles/lock_red" x="3033" y="379" w="70" h="70" />
		<img n="Graphics/Tiles/lock_green" x="3104" y="379" w="70" h="70" />
		<img n="Graphics/Tiles/lock_blue" x="3175" y="379" w="70" h="70" />
		<img n="Graphics/Tiles/liquidWaterTop_mid" x="3246" y="379" w="70" h="70" />
		<img n="Graphics/Tiles/liquidWaterTop" x="3317" y="379" w="70" h="70" />
		<img n="Graphics/Tiles/liquidWater" x="3388" y="379" w="70" h="70" />
		<img n="Graphics/Tiles/liquidLavaTop_mid" x="3459" y="379" w="70" h="70" />
		<img n="Graphics/Tiles/liquidLavaTop" x="3530" y="401" w="70" h="70" />
		<img n="Graphics/Tiles/liquidLava" x="3601" y="415" w="70" h="70" />
		<img n="Graphics/Tiles/ladder_top" x="3672" y="470" w="70" h="70" />
		<img n="Graphics/Tiles/ladder_mid" x="3743" y="519" w="70" h="70" />
		<img n="Graphics/Tiles/snowCenter_rounded" x="3814" y="519" w="70" h="70" />
		<img n="Graphics/Tiles/boxExplosive_disabled" x="3885" y="519" w="70" h="70" />
		<img n="Graphics/Tiles/grassRight" x="3956" y="519" w="70" h="70" />
		<img n="Graphics/Tiles/boxExplosiveAlt" x="2962" y="450" w="70" h="70" />
		<img n="Graphics/Tiles/boxExplosive" x="3033" y="450" w="70" h="70" />
		<img n="Graphics/Tiles/boxEmpty" x="3104" y="450" w="70" h="70" />
		<img n="Graphics/Tiles/boxCoin_disabled" x="3175" y="450" w="70" h="70" />
		<img n="Graphics/Tiles/boxCoinAlt_disabled" x="3246" y="450" w="70" h="70" />
		<img n="Graphics/Tiles/boxCoinAlt" x="3317" y="450" w="70" h="70" />
		<img n="Graphics/Tiles/boxCoin" x="3388" y="450" w="70" h="70" />
		<img n="Graphics/Tiles/boxAlt" x="3459" y="450" w="70" h="70" />
		<img n="Graphics/Tiles/box" x="3530" y="472" w="70" h="70" />
		<img n="Graphics/Tiles/grassMid" x="3601" y="486" w="70" h="70" />
		<img n="Graphics/Tiles/grassLeft" x="3672" y="541" w="70" h="70" />
		<img n="Graphics/Tiles/bridge" x="3743" y="590" w="70" h="70" />
		<img n="Graphics/Tiles/bridgeLogs" x="3814" y="590" w="70" h="70" />
		<img n="Graphics/Tiles/grassHillRight2" x="3885" y="590" w="70" h="70" />
		<img n="Graphics/Tiles/grassHillRight" x="3956" y="590" w="70" h="70" />
		<img n="Graphics/Tiles/grassHillLeft2" x="2962" y="521" w="70" h="70" />
		<img n="Graphics/Tiles/grassHalfRight" x="3033" y="521" w="70" h="70" />
		<img n="Graphics/Tiles/grassHalfMid" x="3104" y="521" w="70" h="70" />
		<img n="Graphics/Tiles/grassHalfLeft" x="3175" y="521" w="70" h="70" />
		<img n="Graphics/Tiles/grassHalf" x="3246" y="521" w="70" h="70" />
		<img n="Graphics/Tiles/grassCliffRightAlt" x="3317" y="521" w="70" h="70" />
		<img n="Graphics/Tiles/grassCliffRight" x="3388" y="521" w="70" h="70" />
		<img n="Graphics/Tiles/grassCliffLeftAlt" x="3459" y="521" w="70" h="70" />
		<img n="Graphics/Tiles/grassCliffLeft" x="3530" y="543" w="70" h="70" />
		<img n="Graphics/Tiles/grassCenter_rounded" x="3601" y="557" w="70" h="70" />
		<img n="Graphics/Tiles/grassCenter" x="3672" y="612" w="70" h="70" />
		<img n="Graphics/Tiles/grass" x="3743" y="661" w="70" h="70" />
		<img n="Graphics/Tiles/fenceBroken" x="3814" y="661" w="70" h="70" />
		<img n="Graphics/Tiles/fence" x="3885" y="661" w="70" h="70" />
		<img n="Graphics/Tiles/door_openTop" x="3956" y="661" w="70" h="70" />
		<img n="Graphics/Tiles/door_openMid" x="2380" y="577" w="70" h="70" />
		<img n="Graphics/Tiles/door_closedTop" x="2451" y="577" w="70" h="70" />
		<img n="Graphics/Tiles/door_closedMid" x="2522" y="577" w="70" h="70" />
		<img n="Graphics/Tiles/dirtRight" x="2593" y="577" w="70" h="70" />
		<img n="Graphics/Tiles/dirtMid" x="2664" y="577" w="70" h="70" />
		<img n="Graphics/Tiles/dirtLeft" x="2735" y="577" w="70" h="70" />
		<img n="Graphics/Tiles/castle" x="2806" y="577" w="70" h="70" />
		<img n="Graphics/Tiles/castleCenter" x="2877" y="577" w="70" h="70" />
		<img n="Graphics/Tiles/castleCliffLeftAlt" x="2948" y="592" w="70" h="70" />
		<img n="Graphics/Tiles/dirtHillRight2" x="3019" y="592" w="70" h="70" />
		<img n="Graphics/Tiles/dirtHillRight" x="3090" y="592" w="70" h="70" />
		<img n="Graphics/Tiles/dirtHillLeft2" x="3161" y="592" w="70" h="70" />
		<img n="Graphics/Tiles/dirtHillLeft" x="3232" y="592" w="70" h="70" />
		<img n="Graphics/Tiles/dirtHalfRight" x="3303" y="592" w="70" h="70" />
		<img n="Graphics/Tiles/dirtHalfMid" x="3374" y="592" w="70" h="70" />
		<img n="Graphics/Tiles/dirtHalfLeft" x="3445" y="592" w="70" h="70" />
		<img n="Graphics/Tiles/dirtHalf" x="3516" y="614" w="70" h="70" />
		<img n="Graphics/Tiles/dirtCliffRightAlt" x="3587" y="628" w="70" h="70" />
		<img n="Graphics/Tiles/dirtCliffRight" x="3658" y="683" w="70" h="70" />
		<img n="Graphics/Tiles/dirtCliffLeftAlt" x="3729" y="732" w="70" h="70" />
		<img n="Graphics/Tiles/dirtCliffLeft" x="3800" y="732" w="70" h="70" />
		<img n="Graphics/Tiles/dirtCenter_rounded" x="3871" y="732" w="70" h="70" />
		<img n="Graphics/Tiles/dirtCenter" x="3942" y="732" w="70" h="70" />
		<img n="Graphics/Tiles/dirt" x="4013" y="732" w="70" h="70" />
		<img n="Graphics/Tiles/castleRight" x="2380" y="648" w="70" h="70" />
		<img n="Graphics/Tiles/castleMid" x="2451" y="648" w="70" h="70" />
		<img n="Graphics/Tiles/castleLeft" x="2522" y="648" w="70" h="70" />
		<img n="Graphics/Tiles/castleCenter_rounded" x="2593" y="648" w="70" h="70" />
		<img n="Graphics/Tiles/grassHillLeft" x="2664" y="648" w="70" h="70" />
		<img n="Graphics/Tiles/castleCliffLeft" x="2735" y="648" w="70" h="70" />
		<img n="Graphics/Tiles/castleHillRight2" x="2806" y="648" w="70" h="70" />
		<img n="Graphics/Tiles/castleHillRight" x="2877" y="648" w="70" h="70" />
		<img n="Graphics/Tiles/castleHillLeft2" x="2948" y="663" w="70" h="70" />
		<img n="Graphics/Items/weight" x="3019" y="663" w="70" h="70" />
		<img n="Graphics/Items/switchRight" x="3090" y="663" w="70" h="70" />
		<img n="Graphics/Items/switchMid" x="3161" y="663" w="70" h="70" />
		<img n="Graphics/Items/switchLeft" x="3232" y="663" w="70" h="70" />
		<img n="Graphics/Items/star" x="3303" y="663" w="70" h="70" />
		<img n="Graphics/Items/springboardUp" x="3374" y="663" w="70" h="70" />
		<img n="Graphics/Items/springboardDown" x="3445" y="663" w="70" h="70" />
		<img n="Graphics/Items/spikes" x="3516" y="685" w="70" h="70" />
		<img n="Graphics/Items/snowhill" x="3587" y="699" w="70" h="70" />
		<img n="Graphics/Items/rock" x="3658" y="754" w="70" h="70" />
		<img n="Graphics/Items/plantPurple" x="3729" y="803" w="70" h="70" />
		<img n="Graphics/Items/plant" x="3800" y="803" w="70" h="70" />
		<img n="Graphics/Items/mushroomRed" x="3871" y="803" w="70" h="70" />
		<img n="Graphics/Items/mushroomBrown" x="3942" y="803" w="70" h="70" />
		<img n="Graphics/Items/keyYellow" x="4013" y="803" w="70" h="70" />
		<img n="Graphics/Items/keyRed" x="2380" y="719" w="70" h="70" />
		<img n="Graphics/Items/keyGreen" x="2451" y="719" w="70" h="70" />
		<img n="Graphics/Items/keyBlue" x="2522" y="719" w="70" h="70" />
		<img n="Graphics/Tiles/castleHillLeft" x="2593" y="719" w="70" h="70" />
		<img n="Graphics/Items/gemYellow" x="2664" y="719" w="70" h="70" />
		<img n="Graphics/Items/gemRed" x="2735" y="719" w="70" h="70" />
		<img n="Graphics/Items/gemGreen" x="2806" y="719" w="70" h="70" />
		<img n="Graphics/Items/gemBlue" x="2877" y="719" w="70" h="70" />
		<img n="Graphics/Items/flagYellowHanging" x="2948" y="734" w="70" h="70" />
		<img n="Graphics/Items/flagYellow2" x="3019" y="734" w="70" h="70" />
		<img n="Graphics/Items/flagYellow" x="3090" y="734" w="70" h="70" />
		<img n="Graphics/Items/flagRedHanging" x="3161" y="734" w="70" h="70" />
		<img n="Graphics/Items/flagRed2" x="3232" y="734" w="70" h="70" />
		<img n="Graphics/Items/flagRed" x="3303" y="734" w="70" h="70" />
		<img n="Graphics/Items/flagGreenHanging" x="3374" y="734" w="70" h="70" />
		<img n="Graphics/Items/flagGreen2" x="3445" y="734" w="70" h="70" />
		<img n="Graphics/Items/flagGreen" x="3516" y="756" w="70" h="70" />
		<img n="Graphics/Items/flagBlueHanging" x="3587" y="770" w="70" h="70" />
		<img n="Graphics/Items/flagBlue2" x="3658" y="825" w="70" h="70" />
		<img n="Graphics/Items/flagBlue" x="3729" y="874" w="70" h="70" />
		<img n="Graphics/Items/weightChained" x="3800" y="874" w="70" h="70" />
		<img n="Graphics/Items/coinSilver" x="3871" y="874" w="70" h="70" />
		<img n="Graphics/Items/coinGold" x="3942" y="874" w="70" h="70" />
		<img n="Graphics/Items/coinBronze" x="4013" y="874" w="70" h="70" />
		<img n="Graphics/Tiles/castleHalfRight" x="2380" y="790" w="70" h="70" />
		<img n="Graphics/Tiles/castleHalfMid" x="2451" y="790" w="70" h="70" />
		<img n="Graphics/Tiles/castleHalfLeft" x="2522" y="790" w="70" h="70" />
		<img n="Graphics/Items/chain" x="2593" y="790" w="70" h="70" />
		<img n="Graphics/Items/cactus" x="2664" y="790" w="70" h="70" />
		<img n="Graphics/Items/buttonYellow_pressed" x="2735" y="790" w="70" h="70" />
		<img n="Graphics/Items/buttonYellow" x="2806" y="790" w="70" h="70" />
		<img n="Graphics/Items/buttonRed_pressed" x="2877" y="790" w="70" h="70" />
		<img n="Graphics/Items/buttonRed" x="2948" y="805" w="70" h="70" />
		<img n="Graphics/Items/buttonGreen_pressed" x="3019" y="805" w="70" h="70" />
		<img n="Graphics/Items/buttonGreen" x="3090" y="805" w="70" h="70" />
		<img n="Graphics/Items/buttonBlue_pressed" x="3161" y="805" w="70" h="70" />
		<img n="Graphics/Items/buttonBlue" x="3232" y="805" w="70" h="70" />
		<img n="Graphics/Items/bush" x="3303" y="805" w="70" h="70" />
		<img n="Graphics/Items/bombFlash" x="3374" y="805" w="70" h="70" />
		<img n="Graphics/Items/bomb" x="3445" y="805" w="70" h="70" />
		<img n="Graphics/Tiles/castleHalf" x="3516" y="827" w="70" h="70" />
		<img n="Graphics/Tiles/castleCliffRightAlt" x="3587" y="841" w="70" h="70" />
		<img n="Graphics/Tiles/window" x="3658" y="896" w="70" h="70" />
		<img n="Graphics/Tiles/torch" x="3729" y="945" w="70" h="70" />
		<img n="Graphics/Tiles/tochLit2" x="3800" y="945" w="70" h="70" />
		<img n="Graphics/Items/fireball" x="3871" y="945" w="70" h="70" />
		<img n="Graphics/Player/p3_duck" x="3942" y="945" w="69" h="71" />
		<img n="Graphics/Player/p1_duck" x="4012" y="945" w="69" h="71" />
		<img n="Graphics/Player/p2_duck" x="4027" y="306" w="67" h="72" />
		<img n="Graphics/Enemies/fishSwim1" x="4027" y="379" w="66" h="42" />
		<img n="Graphics/Enemies/fishDead" x="4027" y="422" w="66" h="42" />
		<img n="Graphics/Enemies/fishSwim2" x="4027" y="465" w="62" h="43" />
		<img n="Graphics/Enemies/blockerSad" x="1497" y="748" w="51" h="51" />
		<img n="Graphics/Enemies/blockerMad" x="1301" y="1119" w="51" h="51" />
		<img n="Graphics/Enemies/blockerBody" x="4027" y="509" w="51" h="51" />
		<img n="Graphics/Enemies/flyFly1" x="2380" y="861" w="72" h="36" />
		<img n="Graphics/HUD/hud_heartEmpty" x="1301" y="1171" w="53" h="45" />
		<img n="Graphics/HUD/hud_heartHalf" x="1497" y="800" w="53" h="45" />
		<img n="Graphics/HUD/hud_heartFull" x="4027" y="561" w="53" h="45" />
		<img n="Graphics/Enemies/flyFly2" x="2453" y="861" w="75" h="31" />
		<img n="Moon-52" x="257" y="1367" w="48" h="48" />
		<img n="Moon-51" x="1363" y="1259" w="48" h="48" />
		<img n="Moon-50" x="4027" y="607" w="48" h="48" />
		<img n="Moon-5" x="4027" y="656" w="48" h="48" />
		<img n="Moon-49" x="2529" y="861" w="48" h="48" />
		<img n="Moon-48" x="2453" y="893" w="48" h="48" />
		<img n="Moon-47" x="2380" y="898" w="48" h="48" />
		<img n="Moon-46" x="2578" y="861" w="48" h="48" />
		<img n="Moon-45" x="2627" y="861" w="48" h="48" />
		<img n="Moon-44" x="2676" y="861" w="48" h="48" />
		<img n="Moon-43" x="2725" y="861" w="48" h="48" />
		<img n="Moon-42" x="2774" y="861" w="48" h="48" />
		<img n="Moon-41" x="2823" y="861" w="48" h="48" />
		<img n="Moon-40" x="2872" y="861" w="48" h="48" />
		<img n="Moon-4" x="2921" y="876" w="48" h="48" />
		<img n="Moon-39" x="2502" y="910" w="48" h="48" />
		<img n="Moon-38" x="2429" y="942" w="48" h="48" />
		<img n="Moon-37" x="2380" y="947" w="48" h="48" />
		<img n="Moon-36" x="2551" y="910" w="48" h="48" />
		<img n="Moon-35" x="2600" y="910" w="48" h="48" />
		<img n="Moon-34" x="2649" y="910" w="48" h="48" />
		<img n="Moon-33" x="2698" y="910" w="48" h="48" />
		<img n="Moon-32" x="2747" y="910" w="48" h="48" />
		<img n="Moon-31" x="2796" y="910" w="48" h="48" />
		<img n="Moon-30" x="2845" y="910" w="48" h="48" />
		<img n="Moon-3" x="2970" y="876" w="48" h="48" />
		<img n="Moon-29" x="3019" y="876" w="48" h="48" />
		<img n="Moon-28" x="3068" y="876" w="48" h="48" />
		<img n="Moon-27" x="3117" y="876" w="48" h="48" />
		<img n="Moon-26" x="3166" y="876" w="48" h="48" />
		<img n="Moon-25" x="3215" y="876" w="48" h="48" />
		<img n="Moon-24" x="3264" y="876" w="48" h="48" />
		<img n="Moon-23" x="3313" y="876" w="48" h="48" />
		<img n="Moon-22" x="3362" y="876" w="48" h="48" />
		<img n="Moon-21" x="3411" y="876" w="48" h="48" />
		<img n="Moon-20" x="3460" y="876" w="48" h="48" />
		<img n="Moon-2" x="3509" y="898" w="48" h="48" />
		<img n="Moon-19" x="3558" y="912" w="48" h="48" />
		<img n="Moon-18" x="3607" y="912" w="48" h="48" />
		<img n="Moon-16" x="2894" y="925" w="48" h="48" />
		<img n="Moon-15" x="2478" y="959" w="48" h="48" />
		<img n="Moon-14" x="2429" y="991" w="48" h="48" />
		<img n="Moon-13" x="2380" y="996" w="48" h="48" />
		<img n="Moon-12" x="2527" y="959" w="48" h="48" />
		<img n="Moon-11" x="2576" y="959" w="48" h="48" />
		<img n="Moon-10" x="2625" y="959" w="48" h="48" />
		<img n="Moon-1" x="2674" y="959" w="48" h="48" />
		<img n="Lava-1" x="2723" y="959" w="48" h="48" />
		<img n="Ice-1" x="2772" y="959" w="48" h="48" />
		<img n="Moon-17" x="2821" y="959" w="48" h="48" />
		<img n="Baren-1" x="2943" y="925" w="48" h="48" />
		<img n="Terran-1" x="2992" y="925" w="48" h="48" />
		<img n="Moon-9" x="3041" y="925" w="48" h="48" />
		<img n="Moon-8" x="3090" y="925" w="48" h="48" />
		<img n="Moon-7" x="3139" y="925" w="48" h="48" />
		<img n="Moon-60" x="3188" y="925" w="48" h="48" />
		<img n="Moon-6" x="3237" y="925" w="48" h="48" />
		<img n="Moon-59" x="3286" y="925" w="48" h="48" />
		<img n="Moon-58" x="3335" y="925" w="48" h="48" />
		<img n="Moon-57" x="3384" y="925" w="48" h="48" />
		<img n="Moon-56" x="3433" y="925" w="48" h="48" />
		<img n="Moon-55" x="3482" y="947" w="48" h="48" />
		<img n="Moon-54" x="3531" y="961" w="48" h="48" />
		<img n="Moon-53" x="3580" y="961" w="48" h="48" />
		<img n="Graphics/HUD/hud_p3Alt" x="3629" y="967" w="47" h="47" />
		<img n="Graphics/HUD/hud_p3" x="3677" y="967" w="47" h="47" />
		<img n="Graphics/HUD/hud_p2Alt" x="2870" y="974" w="47" h="47" />
		<img n="Graphics/HUD/hud_p2" x="2478" y="1008" w="47" h="47" />
		<img n="Graphics/HUD/hud_p1Alt" x="2429" y="1040" w="47" h="47" />
		<img n="Graphics/HUD/hud_p1" x="2380" y="1045" w="47" h="47" />
		<img n="Graphics/HUD/hud_coins" x="2081" y="1074" w="47" h="47" />
		<img n="Graphics/Enemies/flyDead" x="2129" y="1074" w="59" h="33" />
		<img n="Graphics/Enemies/snailWalk2" x="2189" y="1074" w="57" h="31" />
		<img n="Graphics/HUD/hud_keyRed_disabled" x="2247" y="1074" w="44" h="40" />
		<img n="Graphics/HUD/hud_keyYellow_disabled" x="2189" y="1106" w="44" h="40" />
		<img n="Graphics/HUD/hud_keyYellow" x="2129" y="1108" w="44" h="40" />
		<img n="Graphics/HUD/hud_keyRed" x="2081" y="1122" w="44" h="40" />
		<img n="Graphics/HUD/hud_keyGreen" x="2292" y="1074" w="44" h="40" />
		<img n="Graphics/HUD/hud_keyGreem_disabled" x="1913" y="1123" w="44" h="40" />
		<img n="Graphics/HUD/hud_keyBlue_disabled" x="1958" y="1123" w="44" h="40" />
		<img n="Graphics/HUD/hud_keyBlue" x="2003" y="1123" w="44" h="40" />
		<img n="Graphics/Enemies/snailWalk1" x="2526" y="1008" w="54" h="31" />
		<img n="Graphics/HUD/hud_gem_yellow" x="2581" y="1008" w="46" h="36" />
		<img n="Graphics/HUD/hud_gem_red" x="2526" y="1040" w="46" h="36" />
		<img n="Graphics/HUD/hud_gem_green" x="2477" y="1056" w="46" h="36" />
		<img n="Graphics/HUD/hud_gem_blue" x="2428" y="1088" w="46" h="36" />
		<img n="Graphics/Enemies/slimeWalk1" x="2337" y="1093" w="50" h="28" />
		<img n="Graphics/Enemies/slimeWalk2" x="1551" y="823" w="51" h="26" />
		<img n="Graphics/Enemies/snailShell_upsidedown" x="2234" y="1115" w="44" h="30" />
		<img n="Graphics/Enemies/snailShell" x="2279" y="1115" w="44" h="30" />
		<img n="Graphics/HUD/hud_8" x="2048" y="1123" w="32" h="40" />
		<img n="Graphics/HUD/hud_9" x="971" y="1222" w="32" h="39" />
		<img n="Graphics/HUD/hud_7" x="971" y="1262" w="32" h="39" />
		<img n="Graphics/HUD/hud_2" x="971" y="1302" w="32" h="38" />
		<img n="Graphics/HUD/hud_0" x="2388" y="1093" w="30" h="38" />
		<img n="Graphics/HUD/hud_6" x="3743" y="257" w="30" h="38" />
		<img n="Graphics/HUD/hud_4" x="3672" y="202" w="29" h="38" />
		<img n="Graphics/HUD/hud_3" x="2081" y="850" w="28" h="38" />
		<img n="Graphics/HUD/hud_5" x="2081" y="889" w="28" h="38" />
		<img n="Graphics/HUD/hud_1" x="4069" y="235" w="26" h="37" />
		<img n="Graphics/HUD/hud_x" x="2081" y="928" w="30" h="28" />
		<img n="Graphics/Enemies/slimeDead" x="3601" y="186" w="59" h="12" />
		<img n="Graphics/Items/particleBrick2b" x="3482" y="925" w="21" h="21" />
		<img n="Graphics/Items/particleBrick1b" x="2080" y="957" w="21" h="21" />
		<img n="Graphics/Items/particleBrick2a" x="2870" y="959" w="19" h="14" />
		<img n="Graphics/Items/particleBrick1a" x="2921" y="861" w="19" h="14" />
		<img n="Graphics/Tiles/stoneLedgeRight" x="1625" y="1218" w="5" h="24" />
		<img n="Graphics/Tiles/stoneLedgeLeft" x="4090" y="465" w="5" h="24" />
		<img n="Graphics/Tiles/grassLedgeLeft" x="4090" y="490" w="5" h="24" />
		<img n="Graphics/Tiles/grassLedgeRight" x="4084" y="509" w="5" h="24" />
		<img n="Graphics/Tiles/castleLedgeLeft" x="4090" y="515" w="5" h="22" />
		<img n="Graphics/Tiles/castleLedgeRight" x="4079" y="538" w="5" h="22" />
		<img n="Graphics/Tiles/snowLedgeRight" x="2337" y="1074" w="5" h="18" />
		<img n="Graphics/Tiles/dirtLedgeLeft" x="2343" y="1074" w="5" h="18" />
		<img n="Graphics/Tiles/dirtLedgeRight" x="2349" y="1074" w="5" h="18" />
		<img n="Graphics/Tiles/sandLedgeLeft" x="2355" y="1074" w="5" h="18" />
		<img n="Graphics/Tiles/sandLedgeRight" x="2361" y="1074" w="5" h="18" />
		<img n="Graphics/Tiles/snowLedgeLeft" x="2367" y="1074" w="5" h="18" />
		<img n="Coins/Coin-9" x="2234" y="1106" w="8" h="8" />
		<img n="Coins/Coin-8" x="2419" y="1093" w="8" h="8" />
		<img n="Coins/Coin-7" x="2419" y="1102" w="8" h="8" />
		<img n="Purple-1" x="2419" y="1111" w="8" h="8" />
		<img n="Coins/Coin-5" x="2419" y="1120" w="8" h="8" />
		<img n="Coins/Coin-4" x="3743" y="296" w="8" h="8" />
		<img n="Coins/Coin-3" x="3752" y="296" w="8" h="8" />
		<img n="Coins/Coin-2" x="3761" y="296" w="8" h="8" />
		<img n="Coins/Coin-17" x="3770" y="296" w="8" h="8" />
		<img n="Coins/Coin-16" x="1353" y="1119" w="8" h="8" />
		<img n="Coins/Coin-15" x="1353" y="1128" w="8" h="8" />
		<img n="Coins/Coin-14" x="1353" y="1137" w="8" h="8" />
		<img n="Coins/Coin-6" x="1353" y="1146" w="8" h="8" />
		<img n="Coins/Coin-12" x="1353" y="1155" w="8" h="8" />
		<img n="Coins/Coin-11" x="3774" y="257" w="8" h="8" />
		<img n="Coins/Coin-10" x="3774" y="266" w="8" h="8" />
		<img n="Coins/Coin-1" x="3774" y="275" w="8" h="8" />
		<img n="Coins/Coin-0" x="3774" y="284" w="8" h="8" />
		<img n="Coin-1" x="1603" y="676" w="8" h="8" />
		<img n="Blue-2" x="1603" y="685" w="8" h="8" />
		<img n="Blue-1" x="1603" y="694" w="8" h="8" />
		<img n="Coins/Coin-13" x="1603" y="703" w="8" h="8" />
	</tex>
</atlas>